{"packages/cupertino_icons/assets/CupertinoIcons.ttf":["packages/cupertino_icons/assets/CupertinoIcons.ttf"],"assets/fonts/Poppins-Black.ttf":["assets/fonts/Poppins-Black.ttf"],"assets/fonts/Poppins-Bold.ttf":["assets/fonts/Poppins-Bold.ttf"],"assets/fonts/Poppins-ExtraBold.ttf":["assets/fonts/Poppins-ExtraBold.ttf"],"assets/fonts/Poppins-ExtraLight.ttf":["assets/fonts/Poppins-ExtraLight.ttf"],"assets/fonts/Poppins-Light.ttf":["assets/fonts/Poppins-Light.ttf"],"assets/fonts/Poppins-Medium.ttf":["assets/fonts/Poppins-Medium.ttf"],"assets/fonts/Poppins-Regular.ttf":["assets/fonts/Poppins-Regular.ttf"],"assets/fonts/Poppins-SemiBold.ttf":["assets/fonts/Poppins-SemiBold.ttf"],"assets/fonts/Poppins-Thin.ttf":["assets/fonts/Poppins-Thin.ttf"],"assets/img/apple_pay.png":["assets/img/apple_pay.png"],"assets/img/brazil.png":["assets/img/brazil.png"],"assets/img/canada.png":["assets/img/canada.png"],"assets/img/cash.png":["assets/img/cash.png"],"assets/img/china.png":["assets/img/china.png"],"assets/cfg/configurations.json":["assets/cfg/configurations.json"],"assets/img/france.png":["assets/img/france.png"],"assets/img/germany.png":["assets/img/germany.png"],"assets/img/italy.png":["assets/img/italy.png"],"assets/img/loading.gif":["assets/img/loading.gif"],"assets/img/logo.png":["assets/img/logo.png"],"assets/img/marker.png":["assets/img/marker.png"],"assets/img/mastercard.png":["assets/img/mastercard.png"],"assets/img/my_marker.png":["assets/img/my_marker.png"],"assets/img/netherlands.png":["assets/img/netherlands.png"],"assets/img/pay_pickup.png":["assets/img/pay_pickup.png"],"assets/img/paypal.png":["assets/img/paypal.png"],"assets/img/paypal2.png":["assets/img/paypal2.png"],"assets/img/spain.png":["assets/img/spain.png"],"assets/img/united-arab-emirates.png":["assets/img/united-arab-emirates.png"],"assets/img/united-states-of-america.png":["assets/img/united-states-of-america.png"],"assets/img/visa.png":["assets/img/visa.png"],"assets/img/visacard.png":["assets/img/visacard.png"],"assets/img/wallet.png":["assets/img/wallet.png"]}