[{"family":"MaterialIcons","fonts":[{"asset":"fonts/MaterialIcons-Regular.ttf"}]},{"family":"Poppins","fonts":[{"weight":100,"asset":"assets/fonts/Poppins-Thin.ttf"},{"weight":200,"asset":"assets/fonts/Poppins-ExtraLight.ttf"},{"weight":300,"asset":"assets/fonts/Poppins-Light.ttf"},{"weight":400,"asset":"assets/fonts/Poppins-Regular.ttf"},{"weight":500,"asset":"assets/fonts/Poppins-Medium.ttf"},{"weight":600,"asset":"assets/fonts/Poppins-SemiBold.ttf"},{"weight":700,"asset":"assets/fonts/Poppins-Bold.ttf"},{"weight":800,"asset":"assets/fonts/Poppins-ExtraBold.ttf"},{"weight":900,"asset":"assets/fonts/Poppins-Black.ttf"}]},{"family":"packages/cupertino_icons/CupertinoIcons","fonts":[{"asset":"packages/cupertino_icons/assets/CupertinoIcons.ttf"}]},{"family":"MaterialIcons","fonts":[{"asset":"fonts/MaterialIcons-Regular.ttf"}]}]